id,SalePrice
1461,0.0982092468468138
1462,0.0854179093618846
1463,0.024012396160346627
1464,0.05902023364175862
1465,0.19544304700138865
1466,0.3350748264179439
1467,0.5008059803331599
1468,-0.08452794752468797
1469,0.05607844266188059
1470,0.07454912368169046
1471,0.3382415403338
1472,-0.057709287239809975
1473,-0.09233921247492205
1474,-0.03799324829836642
1475,-0.000166683370809724
1476,-0.01571961519932556
1477,-0.0710948050030685
1478,-0.13076128825336425
1479,0.07997741353001256
1480,0.7729377852135147
1481,-0.11954125017795143
1482,0.04859232044081487
1483,0.12465490724365391
1484,0.015361156068149254
1485,0.0013308606387540112
1486,-0.0364160239869264
1487,0.19906017216774574
1488,-0.0023679330121050973
1489,-0.015468127689132263
1490,-0.18132832404690652
1491,-0.1266402232479664
1492,0.0286562941488126
1493,0.137583387434466
1494,0.16638867374727195
1495,0.03622394402804499
1496,-0.0387567747327119
1497,-0.030264671408780867
1498,-0.07919957807131917
1499,-0.09385922090869644
1500,-0.10615378165299996
1501,-0.10867014566905714
1502,0.023400754492564416
1503,-0.0853455360495407
1504,-0.020308226041458443
1505,0.028423982563305236
1506,0.2641480620562758
1507,0.04351570243831425
1508,-0.0548605033382488
1509,-0.09761377708637807
1510,-0.025158199783968785
1511,0.04134246147249768
1512,-0.1015306955597507
1513,-0.003071632808714482
1514,-0.13587906728641092
1515,-0.06355707826248101
1516,0.005066353962493025
1517,0.1868673490582259
1518,0.11510684874355206
1519,-0.15427973189660346
1520,0.03356176506104307
1521,-0.04690777813563786
1522,0.004257383195866668
1523,-0.0636713443098435
1524,0.07070532956013748
1525,0.22907608718760797
1526,0.03180626189620269
1527,0.05742731502129268
1528,-0.03289385083777579
1529,0.2595294621776424
1530,0.39630969342160055
1531,-0.107401506128174
1532,0.01118411679243661
1533,0.09636709058189004
1534,-0.1631339201359879
1535,-0.10915397679767483
1536,-0.10532592029096374
1537,-0.17094163380296962
1538,-0.04481565060460658
1539,-0.14260091467833838
1540,-0.05327923572897609
1541,0.06145589982463893
1542,0.011332105403436599
1543,-0.14959139980728445
1544,-0.05747258916726024
1545,0.19245135168616703
1546,-0.06016470864087387
1547,-0.041191515255734945
1548,-0.17848771073028508
1549,-0.2004125296391572
1550,-0.08397048408970233
1551,-0.04931958814404025
1552,-0.07985682069025615
1553,0.02145916317559693
1554,-0.04386698480902654
1555,0.20440419476539182
1556,-0.06483157471532337
1557,-0.14375738558028844
1558,-0.20028901014265255
1559,-0.05604029318524138
1560,0.1907067783533507
1561,-0.019259909390921925
1562,-0.02066337543488648
1563,0.008029582823395259
1564,0.04195185391218168
1565,0.013655002781746924
1566,-0.049564176607463324
1567,-0.179005658927616
1568,0.004773544066898713
1569,0.12117266887783806
1570,0.151091627833545
1571,-0.009014523160305687
1572,0.06554997574259057
1573,-0.026360078701659764
1574,0.22069454714848058
1575,-0.06855851723565247
1576,0.050163683706728156
1577,0.052692213510407745
1578,0.08445954829338147
1579,0.02832646958897709
1580,0.05496795191084881
1581,0.16250408848532083
1582,-0.020096421954352617
1583,0.019294144186371792
1584,-0.051697705368774764
1585,-0.14579749656265392
1586,0.06021913730186705
1587,0.02839579021944787
1588,0.032079019086164715
1589,-0.023405031016307254
1590,0.014871571517625082
1591,0.14315567326366135
1592,0.015738617833344397
1593,-0.027741130677084485
1594,-0.12391792427687237
1595,-0.03236792148880137
1596,-0.04555446058864877
1597,0.07842916711704312
1598,0.06737109018150411
1599,-0.001357385501637394
1600,-0.06555836466546179
1601,-0.009249991875812165
1602,0.005682351169499368
1603,0.0902743820368826
1604,-0.10055891224749919
1605,-0.061425232375113756
1606,-0.09695980749511163
1607,0.10749634263149851
1608,-0.07794122613904102
1609,0.08427893498151358
1610,0.012771203338610135
1611,0.3014993383364955
1612,-0.014519822903952866
1613,-0.004509658008613814
1614,-0.1513268923047242
1615,-0.15213321404325747
1616,-0.05625438212813825
1617,0.0027111060249196337
1618,0.037499068423170294
1619,0.021845893777214135
1620,0.018145461355902517
1621,0.5777272308401792
1622,-0.02992194287400909
1623,0.019938788225719505
1624,0.14401387923345707
1625,0.0016745715418972334
1626,-0.04501382518601342
1627,0.04842790530519718
1628,-0.13083284886009539
1629,-0.008720300358539018
1630,-0.09682756476441544
1631,-0.021713513170014985
1632,0.20871856105733544
1633,-0.0756907223866697
1634,0.02788195319493799
1635,0.05336333674893193
1636,0.11983715216028257
1637,0.061791733530595284
1638,0.8456611064870775
1639,-0.04271492136894875
1640,-0.056732199976862754
1641,0.015376163225336139
1642,-0.13905910016729955
1643,0.04240486857884607
1644,-0.07096144083702664
1645,0.31124508313916527
1646,-0.00982137291711572
1647,-0.03921581140789693
1648,-0.01645859651125734
1649,0.0435386282290003
1650,0.06970317370366708
1651,0.0060253753167643104
1652,0.016747980410573522
1653,0.22417477229297866
1654,0.0709552490386598
1655,0.022436174263357558
1656,0.05835159039720396
1657,0.06359179881806941
1658,-0.003154855051961822
1659,-0.002510894273995798
1660,-0.0033196199334882964
1661,0.1209782953393661
1662,-0.08343856092725814
1663,0.009217364447429738
1664,-0.04702505016706531
1665,-0.06173467014866851
1666,0.12005934403433896
1667,-0.13551676023803927
1668,0.12467488738802882
1669,-0.07269540374368502
1670,0.00537214746058301
1671,0.10914753147259995
1672,0.15193781706729398
1673,-0.03853626137094251
1674,-0.08059869139524717
1675,-0.06983437937444567
1676,0.034621102557697445
1677,-0.08249462956039767
1678,0.5310705440387021
1679,0.11282802415590254
1680,0.0024386229134170656
1681,0.07363756951371783
1682,0.06303856774733743
1683,-0.10931144116951996
1684,0.14724033485542337
1685,-0.04068559682448471
1686,0.10306345200616687
1687,-0.09968431660844847
1688,-0.060257185297196564
1689,-0.0986490206713347
1690,0.08004887844969641
1691,-0.013120146168222296
1692,-0.021205849811324555
1693,-0.05833799699874405
1694,0.09037642252941902
1695,-0.12596420317379994
1696,-0.06612791239948614
1697,-0.11800376752639574
1698,0.046776727016611286
1699,0.17897336329129027
1700,-0.0028817257822662742
1701,-0.09714934705231998
1702,-0.15158804310618948
1703,-0.00791377108401162
1704,0.016265784312386636
1705,0.1563643573638617
1706,-0.012020939007878949
1707,0.000992285938641927
1708,-0.014554489744960604
1709,0.06809017387769109
1710,-0.004405724415610171
1711,-0.07298212079243296
1712,0.10415453978176745
1713,-0.04563279295361194
1714,0.165435787188455
1715,0.024014637774055003
1716,0.12218879183753258
1717,-0.07280201043528312
1718,-0.01240560928747005
1719,-0.13621243251639398
1720,0.08063698578141718
1721,0.03309268481229734
1722,-0.052270138735783025
1723,-0.03819822955537937
1724,-0.09063798913446844
1725,-0.07865510452235752
1726,0.25821097994992087
1727,0.04419454659770554
1728,0.02519719617237215
1729,-0.011651254413945149
1730,0.10735904070667328
1731,0.35290389229343094
1732,0.026671031955699403
1733,-0.06053924486588727
1734,0.07325563953174351
1735,0.03548509070495774
1736,-0.018751986417953052
1737,0.033997367351530305
1738,0.7229045851176892
1739,-0.055647475341684925
1740,-0.09587241456763582
1741,-0.07060944758262426
1742,-0.09347279991218774
1743,0.10951547033045754
1744,0.060992693627204955
1745,0.18255589475031864
1746,-0.03812340839736402
1747,-0.048803346988036865
1748,-0.16202636215782776
1749,0.06462654594147485
1750,-0.01384793413316453
1751,-0.0617058818892018
1752,-0.024084920906110044
1753,0.0811582706741951
1754,-0.06305134423211357
1755,0.04795946621708573
1756,-0.006206246839937896
1757,-0.0061894392961906325
1758,-0.05610071398114698
1759,0.05829676545598916
1760,0.1021836716148351
1761,0.12270287019686753
1762,-0.013870398558187037
1763,0.1098519217448421
1764,0.3578359776424952
1765,0.38823962228391146
1766,0.02693617291577907
1767,-0.018840114340137305
1768,-0.15182391373353282
1769,0.08580901366212908
1770,0.09619605552226555
1771,-0.018127507690891206
1772,0.057658931324129525
1773,0.27778745005374966
1774,0.2159055596476894
1775,0.1280904843946914
1776,0.3377346710224212
1777,0.03186589016953047
1778,0.10551030892581345
1779,0.08427165856779154
1780,0.4527012118867228
1781,0.12204487245102993
1782,0.13936802711560436
1783,-0.1592164213937918
1784,0.07525227204973078
1785,-0.15585720875422915
1786,0.12266819086403143
1787,-0.011018653376471413
1788,-0.0585853526879614
1789,-0.10819008927885326
1790,-0.038267238854511006
1791,-0.0880340494124709
1792,0.2221152719552328
1793,0.11567013662278003
1794,0.037158504808814476
1795,0.10278335001200342
1796,0.05896316878660365
1797,0.019539615914704732
1798,0.06605277782770323
1799,0.1371284415607301
1800,0.1254092253133374
1801,-0.1507769916865326
1802,-0.039096713836082965
1803,0.04617800105678188
1804,-0.15299295639891486
1805,0.11819843030647643
1806,-0.024582119392096015
1807,0.012991237844946074
1808,0.3831092119900244
1809,0.22522888042155614
1810,0.2038573848788123
1811,-0.037563378488404665
1812,-0.12115106979743784
1813,-0.0928722904363494
1814,-0.1163124921801419
1815,-0.024552682849137294
1816,0.01317410237683788
1817,-0.06957695621231381
1818,-0.037108550923197814
1819,-0.05704175097084419
1820,-0.06691300283612832
1821,-0.007444475698156329
1822,-0.024657816801353247
1823,-0.19005171603138662
1824,0.1721556036486746
1825,-0.07428756534328243
1826,-0.12552082904755896
1827,0.06513802716119005
1828,-0.16373518831401085
1829,-0.021896101483308658
1830,-0.09061517425435019
1831,-0.15220363740625367
1832,-0.06330882409402873
1833,-0.05516501823148047
1834,0.07470469339252474
1835,-0.26816877766325325
1836,-0.044214454370328386
1837,0.48150871034368575
1838,0.25404307478566
1839,-0.025874428975081566
1840,-0.01570845850743183
1841,0.11850637636511754
1842,-0.09521042186413116
1843,-0.00860444867791729
1844,0.05328634234002126
1845,-0.04967051113795523
1846,-0.16200011787858337
1847,0.020367767679532106
1848,-0.02739826436788962
1849,0.49574483076720044
1850,0.06701143653810059
1851,-0.012446211789502648
1852,-0.06471656608882659
1853,0.07354027611157449
1854,-0.03453654529406129
1855,-0.0689263383431889
1856,-0.016328127829319583
1857,-0.0044778222016434565
1858,-0.22108377001216092
1859,0.04867505523364253
1860,-0.0010231404669209868
1861,0.07569106713541819
1862,-0.13878149081156796
1863,-0.13603232493281436
1864,-0.13586661782689535
1865,0.039041691895205996
1866,-0.1362974348729429
1867,-0.030435617488006373
1868,0.2468071450708916
1869,0.23802219904105681
1870,-0.09195754668761819
1871,-0.027563929232897487
1872,0.044809631937388614
1873,0.1378684073870976
1874,0.2558471373482689
1875,0.005528734947775442
1876,-0.04234186693852265
1877,-0.046213897408161946
1878,-0.026653031069113563
1879,-0.08920256922638757
1880,0.07614934260123317
1881,0.08640049889499643
1882,-0.008027872197820106
1883,-0.06009214775994788
1884,-0.08109661421690009
1885,0.03294590073322928
1886,0.08861964696525618
1887,-0.11933180186827363
1888,0.10861974345030656
1889,-0.0793539534709112
1890,-0.05549779178594663
1891,0.014869276529873651
1892,0.15176856179523876
1893,0.09128954542493169
1894,-0.26302701207134355
1895,0.05248665945494429
1896,-0.0854874910386843
1897,-0.17832622551157357
1898,-0.12977968189523295
1899,0.022441626987855928
1900,0.30142298338067564
1901,-0.04792812500812982
1902,-0.005851282295193317
1903,-0.06317764935705417
1904,0.0777404431194953
1905,0.14153577931674258
1906,0.2633699374450971
1907,0.31389692262140495
1908,-0.14757116117852306
1909,-0.1882401399519451
1910,-0.21325114534612052
1911,-0.07720156674277683
1912,0.03414033798580661
1913,-0.07220846994921967
1914,-0.11949376835942163
1915,-0.07681608462907373
1916,-0.17973952139530133
1917,0.13126553715319916
1918,-0.020295097079081042
1919,-0.015788449444982783
1920,0.3405499564182753
1921,-0.03390957135504489
1922,-0.19212837982422376
1923,-0.08330095985776782
1924,-0.011220722326324081
1925,-0.011819750787392926
1926,0.016996016510940085
1927,-0.0026717217835339965
1928,0.09529009800528405
1929,0.2077256419561342
1930,0.38530339388727736
1931,0.010444455711588196
1932,-0.04843617138396467
1933,0.22864841723110096
1934,0.06193472146187891
1935,-0.025091070865097563
1936,0.01977511293798491
1937,0.15518873996804392
1938,0.06009364069210808
1939,-0.06863785901869993
1940,0.3071910085630308
1941,-0.02233304330218714
1942,0.1778308117560966
1943,0.01681931582009686
1944,-0.17444261979388945
1945,0.12392663971839862
1946,-0.0840201102159457
1947,0.036148032118547224
1948,0.05102324323868285
1949,-0.19308025514996163
1950,-0.01633343846988114
1951,0.08081357982159139
1952,0.02535468337358071
1953,0.017737335444824857
1954,-0.1297995944022748
1955,-0.09481373481389982
1956,0.211234591255347
1957,0.041941600525818815
1958,-0.09672645680457256
1959,-0.0060538113326760595
1960,-0.15385756178780507
1961,0.14446939096906405
1962,-0.08180415915742137
1963,-0.08293716928081735
1964,-0.1115177615124958
1965,0.13328731872869126
1966,0.03368937109608318
1967,0.1280271676376567
1968,0.09768577554034089
1969,0.013936535549889596
1970,0.051123170160598475
1971,0.1568279980040269
1972,-0.20821145788460294
1973,0.05947668565538029
1974,-0.24328982843633248
1975,0.9097389003032141
1976,-0.05540339842972727
1977,0.18146226841110114
1978,0.08905663944553387
1979,0.20932437450559496
1980,-0.04183524484637884
1981,-0.031090779108186032
1982,0.010472463464458726
1983,0.0355531144358293
1984,-0.0010859770146282727
1985,-0.013873590676653932
1986,-0.09482803013266922
1987,0.1158384880874339
1988,0.017064891579703596
1989,-0.04865985342412294
1990,-0.03332503532617251
1991,-0.12326300377758619
1992,-0.1127547016148822
1993,-0.1951902911268894
1994,-0.06624912027017553
1995,0.04750343978909232
1996,-0.07571472753942038
1997,-0.13396379882762421
1998,-0.05373964639114377
1999,0.08561880091478338
2000,-0.02772484689153
2001,-0.02702830590632064
2002,0.07175056493122609
2003,-0.04088228375267894
2004,-0.08739209685402613
2005,0.02935431803361814
2006,0.000789425057439945
2007,-0.11312313125333753
2008,-0.08796329499628394
2009,0.29849736047721376
2010,-0.0439670596038425
2011,-0.089148010570151
2012,0.1019589763768899
2013,-0.09451338156015443
2014,0.14674534950346346
2015,-0.22584730181017793
2016,-0.025077775883334603
2017,0.16047203926916317
2018,0.12426020029880117
2019,0.1663125461695988
2020,-0.08050006611751839
2021,-0.10933545920206407
2022,-0.06840171222287438
2023,-0.02632825177205861
2024,0.10618876352282725
2025,0.26233120296965606
2026,0.06432879461336546
2027,0.02778406859409941
2028,0.1139559814886407
2029,-0.09416344288067416
2030,-0.035616742856628955
2031,-0.08264608043582142
2032,0.06270466514726605
2033,0.03056970035807363
2034,-0.02043738254581609
2035,-0.028524074209089527
2036,-0.04242781044254508
2037,-0.04450399141182504
2038,-0.024788687709234224
2039,0.08548869246838214
2040,-0.024162365226811457
2041,0.4351678199952917
2042,-0.04295767054396747
2043,0.04956643321233577
2044,0.18371682900711742
2045,0.5664894847397595
2046,0.026305054765047048
2047,0.04918582310056337
2048,-0.023453681581827625
2049,-0.21195724490423873
2050,-0.04306565771000006
2051,0.3528331272434811
2052,0.01350257640041203
2053,0.04126517823308361
2054,-0.20666852793822785
2055,-0.008142198142919905
2056,0.266878322160622
2057,0.03042266127696664
2058,-0.03352874125456813
2059,0.14573548894729163
2060,0.12517689232738802
2061,-0.04100758444041464
2062,0.04090010637912394
2063,-0.09688316174377704
2064,0.15543618293976397
2065,0.3044582009456949
2066,0.0349522489126797
2067,0.17276096182739037
2068,0.31709426046380973
2069,-0.17532252464983739
2070,0.12028684788741559
2071,-0.14660843724815137
2072,-0.045211174848175446
2073,0.013816011112477447
2074,-0.1203441141564254
2075,-0.01709196655105638
2076,0.0833820515740852
2077,-0.021762694449605685
2078,0.0695408119652966
2079,0.4228254855094965
2080,-0.06476549292649064
2081,-0.07609409357023314
2082,-0.07095671385824437
2083,-0.05337254281647223
2084,0.06650651932986518
2085,0.10279393595170634
2086,-0.05112328602182607
2087,-0.07069289405879534
2088,-0.036153745307289625
2089,-0.0908552707760367
2090,-0.000683267463637012
2091,0.0951434750425232
2092,-0.1698021924070238
2093,0.06796251216898869
2094,0.034688885653858706
2095,-0.06600204480377878
2096,-0.23475034520872215
2097,-0.12218896737722396
2098,-0.011539872932373567
2099,0.04721565425331489
2100,0.02195707304308362
2101,0.08414930439533393
2102,0.6097642550907365
2103,-0.025193370473865762
2104,0.215816259529119
2105,-0.12242743723768844
2106,-0.11910207692074372
2107,-0.012234944919267791
2108,-0.07373516478245691
2109,-0.035094499807816475
2110,0.032015030546887285
2111,-0.22460523530218968
2112,-0.05986852119748625
2113,-0.12999507988607598
2114,0.46958836022110023
2115,-0.15666047247385434
2116,0.18799802661757806
2117,-0.015161955648563848
2118,-0.09992865805563735
2119,0.006593716133410556
2120,-0.02894239364787051
2121,0.06447232821137637
2122,-0.13285228621686
2123,-0.14916046286561685
2124,0.416762797864957
2125,-0.09830340068664707
2126,-0.03600442613032246
2127,0.14661234843911353
2128,0.20040977885509173
2129,-0.0622294086576585
2130,-0.01134948521378117
2131,-0.15434308717124198
2132,0.056060132966915366
2133,0.19138549241729266
2134,-0.09434166573273625
2135,0.0023059876094572475
2136,-0.08095460494126143
2137,-0.06997038860344809
2138,0.38995083374583955
2139,-0.06483197685804319
2140,0.04200580006328457
2141,-0.010226930049710689
2142,0.02412419578624813
2143,0.22242403361129331
2144,0.030313596470010598
2145,0.169481387538094
2146,0.13989861268304496
2147,-0.046537077583852185
2148,0.24564180186293313
2149,-0.07301463369800273
2150,-0.04012349531304773
2151,0.40458475498607865
2152,0.3357357568792981
2153,-0.0671575363415878
2154,-0.10003004813487955
2155,0.04719676217588414
2156,-0.23349755200072989
2157,-0.08167241159226674
2158,0.07845827557280782
2159,0.050168147474236424
2160,0.01698857633780913
2161,0.007582878137925584
2162,0.10536284085643273
2163,-0.10600503261171361
2164,-0.06473870006521365
2165,-0.1374886258144871
2166,0.09365255090894714
2167,0.028109823695689845
2168,-0.047221797189022585
2169,-0.1227778213555594
2170,-0.2029901620146603
2171,-0.02929857957559147
2172,0.03154245229522426
2173,0.010333717260177303
2174,-0.19786273052332767
2175,-0.15020136773025658
2176,0.21654981254562733
2177,0.13207960278244127
2178,0.0521602928752111
2179,-0.16554355120106123
2180,0.592548302704908
2181,0.030121017134426307
2182,0.021519876661987836
2183,0.07350312992020522
2184,0.17586949993479067
2185,-0.05677199968069711
2186,0.2654133682538871
2187,0.1576472934738839
2188,-0.005226004717373459
2189,-0.06515549558927371
2190,0.059258340502951944
2191,0.04415984925022011
2192,-0.0508246875473792
2193,-0.13616959782096177
2194,-0.09599698591908373
2195,-0.09014924577498888
2196,-0.06976829674669568
2197,0.23350770952596106
2198,0.10866732148034813
2199,0.1256159507368479
2200,-0.04525483510232563
2201,-0.06548434012850754
2202,-0.0013279773327555923
2203,0.12135309798426372
2204,-0.050289353332394204
2205,0.18015026626586866
2206,0.1770782518850019
2207,0.04043667935141755
2208,0.019404250310047555
2209,0.0671179246663123
2210,-0.07560011222818264
2211,0.18642215748054689
2212,0.046225838732961703
2213,0.019794072141609408
2214,-0.026548945622295223
2215,0.054086773555075476
2216,-0.05012382785811036
2217,-0.10884283907944114
2218,-0.025146066454526925
2219,0.057550359744082666
2220,-0.2205124103921477
2221,-0.05896187005934606
2222,-0.06254796717805812
2223,0.4201827790719628
2224,0.016801949024672067
2225,0.16746208413800528
2226,0.1434682151341225
2227,-0.02400297350731021
2228,0.05705981498199465
2229,0.1485797177262224
2230,0.005348788663613505
2231,-0.10951160770246743
2232,-0.07323226813367398
2233,-0.03746537514455959
2234,0.08936267678690205
2235,-0.027124304683281666
2236,0.20397920452812046
2237,-0.06959631517822365
2238,-0.07992720177480687
2239,0.045407215491415596
2240,-0.08374099081911753
2241,0.35891198634946525
2242,-0.00926411696039061
2243,0.10694254202422002
2244,-0.12074212426941051
2245,-0.10225619786139997
2246,0.08609809513662395
2247,-0.11119349120237794
2248,0.0036122429461078673
2249,-0.0666750075261241
2250,-0.009715593271992493
2251,-0.03342921554934974
2252,0.07746243673962493
2253,-0.1033395524630856
2254,0.02261668977120718
2255,0.036763102006943646
2256,-0.10065869864396246
2257,-0.09914630404126858
2258,0.2824705511764516
2259,0.12242589341567922
2260,0.07206166183301066
2261,-0.12396871888840622
2262,0.05593889744895905
2263,0.7055939332290021
2264,-0.06599647187562688
2265,-0.027574506841747413
2266,0.04320386803019014
2267,0.0924276975749564
2268,-0.0030883053810028677
2269,-0.0020172641285421816
2270,0.02918785410806484
2271,-0.05611715396642187
2272,-0.1593294356120164
2273,-0.024137555925674996
2274,-0.09151243763251006
2275,0.16505288067711532
2276,-0.09002309889757351
2277,0.14732059599547254
2278,-0.02021438523100168
2279,0.15465575322538458
2280,0.075977902004393
2281,0.00925851459901618
2282,0.1410921822050055
2283,-0.10719527941133528
2284,0.01335807096069648
2285,0.18033492549628316
2286,-0.06991325687202912
2287,0.023479552565299495
2288,-0.13955248191327047
2289,0.01474480854102575
2290,0.0031508693523784256
2291,-0.06705432946736463
2292,0.3988050922490095
2293,0.03584182684470731
2294,-0.19015478182583173
2295,0.07004544253263957
2296,-0.011492969093177506
2297,-0.060339098240995384
2298,-0.023921824919306518
2299,-0.2441397893601802
2300,-0.11562100847780973
2301,-0.03228940312644735
2302,-0.05988191426731754
2303,-0.11392318877611093
2304,-0.09140192265648725
2305,0.012430613529144551
2306,-0.008786961352562728
2307,0.006110703267701815
2308,0.10331637910404441
2309,-0.002521404756474055
2310,0.05898625549991654
2311,-0.10243358390948763
2312,0.11485855241123322
2313,-0.03928306505356418
2314,-0.11699433503861537
2315,-0.03310959973386084
2316,-0.06331173190649236
2317,-0.09203714022377198
2318,-0.06834151874939445
2319,0.07201910274851003
2320,0.06110886391758752
2321,-0.07030507782694942
2322,0.020187554969141014
2323,0.07088819507366192
2324,-0.051993435780329736
2325,0.10277626974390501
2326,-0.08684973301504796
2327,-0.03753672420889531
2328,-0.04775135871790273
2329,-0.013929755312916531
2330,-0.10598062527920785
2331,0.1837656535948456
2332,-0.13600379486384695
2333,-0.08081814135518331
2334,-0.17466778401854163
2335,0.7941606841894423
2336,-0.16207446208835244
2337,0.11761006783411067
2338,-0.02759292656421366
2339,0.01116296417750339
2340,0.05608910954942077
2341,0.1092153441359337
2342,0.019915308541925185
2343,-0.08041123568602841
2344,-0.07118171163641147
2345,-0.030170245470101147
2346,-0.0007787288107357349
2347,0.05116426978988375
2348,0.047215645508209295
2349,0.050856428280036774
2350,-0.049833323521186315
2351,0.004170107824808714
2352,-0.14495170454140746
2353,-0.2217279433127981
2354,-0.030448313342852678
2355,-0.11761312250171622
2356,-0.08635824961725669
2357,0.06461123071641107
2358,0.4957595551217171
2359,-0.15832810960367893
2360,0.14392244538737356
2361,0.17100979621757587
2362,-0.02631780513605516
2363,-0.059667830604995184
2364,-0.030766488801191278
2365,-0.02676594548240116
2366,0.02449985405278265
2367,-0.002814573555379064
2368,0.044158147191641
2369,0.1949514737805374
2370,-0.14101929643611055
2371,-0.10732622339747898
2372,0.024432536750302398
2373,-0.19248068453615033
2374,0.002431852670010698
2375,-0.11862371739243646
2376,-0.2184224396626267
2377,0.15313475874539
2378,0.018071742944912286
2379,-0.07345851304274585
2380,0.031061202482404883
2381,0.011978375436491719
2382,0.28956041901029433
2383,0.0463872529689999
2384,0.07517429524855401
2385,-0.06603717891238639
2386,0.16788597214199186
2387,0.21444911830803465
2388,0.16974888555623951
2389,0.2955001491130177
2390,0.23087074520848277
2391,-0.08958079274779587
2392,0.07566386501335726
2393,-0.0698366346623056
2394,0.07907299367364472
2395,-0.21797784989667726
2396,0.1305337534601118
2397,0.18703912610181372
2398,0.2643591484126351
2399,0.021762116960962984
2400,-0.21674763226025928
2401,0.01054347505368611
2402,0.08186458484767403
2403,0.02288236402001044
2404,-0.004772806334222099
2405,0.030174203146116664
2406,-0.07791480454789534
2407,0.004669585996288125
2408,0.0559495683477202
2409,-0.05197457335388134
2410,0.1949077761516378
2411,0.06717372053480207
2412,-0.09407286821042128
2413,-0.007086626263739886
2414,0.07626585238801763
2415,0.004388097966712915
2416,0.03719139213750125
2417,0.18433338665829774
2418,0.09484392182987295
2419,0.057549482469532134
2420,-0.10620195734220858
2421,0.3336462597558799
2422,-0.029406349467636858
2423,-0.07312924145873413
2424,0.07695200810579822
2425,-0.12936768717577676
2426,0.07144910021564871
2427,-0.036745974634020365
2428,-0.2968776680189489
2429,-0.018611388180434507
2430,0.026425906514768116
2431,0.11047592787761472
2432,-0.0009679287718673268
2433,0.06487663381510944
2434,-0.004453923852468095
2435,0.18480836749781585
2436,-0.2052204166852425
2437,0.10021665529168744
2438,-0.10591920384055661
2439,-0.033603300863882024
2440,-0.18352971436298648
2441,0.45889279111990045
2442,0.11213316278981149
2443,-0.03190157781788779
2444,0.12038689392186147
2445,-0.17150649624753705
2446,-0.1645068392183126
2447,0.4255222472331875
2448,0.08592701873819718
2449,-0.04295904190470659
2450,-0.003059015500368842
2451,-0.15913916942134898
2452,0.04865813385696755
2453,0.08876419512243906
2454,0.2754817683773692
2455,-0.07420001223282856
2456,-0.11295911633869299
2457,-0.0800796988230247
2458,-0.13430191563296268
2459,0.00029302848971900913
2460,-0.13761789181238382
2461,-0.20990676331516858
2462,-0.012712786532235112
2463,-0.12408377924865782
2464,-0.05241865102376176
2465,-0.06451222473958276
2466,0.02992018433767805
2467,-0.20654896155754116
2468,0.08403586356790485
2469,-0.09716075871705786
2470,-0.04442196626512174
2471,-0.08923083221044764
2472,-0.06849407733396082
2473,0.029791792863572794
2474,0.07187303166775022
2475,0.07906489717977588
2476,-0.03382075634084059
2477,0.017432848416689378
2478,0.06632628027114654
2479,0.20735239224550617
2480,0.21382228888916427
2481,0.0996843357446814
2482,-0.0906798092602692
2483,0.4212012332184083
2484,0.27983487281831465
2485,-0.06251450314266518
2486,0.22520248668443388
2487,0.20169156072394512
2488,-0.14304455878011355
2489,-0.018018508147142287
2490,0.04954184725291541
2491,0.12451292179223179
2492,0.10952306370090609
2493,0.2959139554234717
2494,-0.061519427993393896
2495,0.0489527295435941
2496,0.22931197458756028
2497,0.011662581247258122
2498,-0.08604795481285697
2499,-0.16204033369413304
2500,0.055861022937108686
2501,0.05961876705128169
2502,-0.041078040618892725
2503,0.01726566710613399
2504,0.40881991086363884
2505,-0.10794513814890602
2506,0.08289740958135905
2507,0.06603535667959405
2508,-0.017273014349615534
2509,-0.020456664224861185
2510,-0.0034976207045337403
2511,0.03669751814166923
2512,0.017363063887143586
2513,-0.017074311749325125
2514,0.33246033658982355
2515,0.14726465804721017
2516,0.03322915993391814
2517,0.24176783611841843
2518,0.20594383671858704
2519,-0.06171480792548233
2520,-0.04927683552666652
2521,-0.14691532208967037
2522,-0.10456826566653057
2523,-0.07348425239411781
2524,0.07271307669478633
2525,0.31193123711965753
2526,0.0061309118506770776
2527,0.0546426739486508
2528,0.040154339567745494
2529,-0.007534957405321476
2530,-0.05801726570737714
2531,-0.05912563001205712
2532,-0.023718765408623332
2533,-0.12892971979027776
2534,0.11626917954564217
2535,0.013186870105064651
2536,-0.02851940763733081
2537,0.055619063855774704
2538,-0.009561201994101903
2539,-0.07596358225008822
2540,0.03520237593579658
2541,-0.012694435242418957
2542,-0.031095009022678876
2543,0.004253789169479619
2544,0.1345446029300584
2545,0.1715959952888529
2546,-0.06718858017693191
2547,0.23200147464988635
2548,-0.14946531452165202
2549,-0.06763661957053171
2550,-0.16950316896025774
2551,0.07137490030626055
2552,0.09176053077241034
2553,-0.06508377674200544
2554,-0.0026050926956561332
2555,0.014357674822092235
2556,0.06409300787817535
2557,0.009554823128412455
2558,-0.11922410612596213
2559,-0.03464493808359674
2560,-0.20884942149384542
2561,-0.07587850582613959
2562,-0.019888959526837877
2563,0.006425301019987124
2564,-0.054163780027225064
2565,0.3367608088828056
2566,-0.037151520783314726
2567,0.3250149608461201
2568,0.075295613096688
2569,0.17295792354308864
2570,-0.1319117942134122
2571,0.11269957908413639
2572,-0.00593564708107934
2573,-0.10030969760366337
2574,-0.17740699798256387
2575,0.05184907516967892
2576,-0.12719186796090692
2577,-0.05201349356356623
2578,-0.14210138209347406
2579,-0.12098296702368032
2580,-0.12837286246294125
2581,0.10371902193801609
2582,-0.04178996595652888
2583,-0.09939527421216891
2584,-0.07175337194982273
2585,-0.10132522325466699
2586,-0.013405626652389695
2587,0.25482712313565437
2588,0.113924067476487
2589,0.030531153119194847
2590,-0.0949396742738167
2591,-0.19877044565403276
2592,-0.019828338314105534
2593,0.09925301149171462
2594,0.1922878824535546
2595,-0.052930851703977516
2596,-0.002088705303046827
2597,-0.06457325737130876
2598,0.024536120460691657
2599,-0.03475520621022116
2600,0.04679053393832323
2601,0.14276454699297536
2602,0.043408585724320395
2603,-0.15634717771376866
2604,-0.18808797958574827
2605,-0.0006559490242133495
2606,-0.008298369743577352
2607,0.14161659928626016
2608,-0.08058074611712487
2609,0.17296790309957646
2610,-0.09395491982858242
2611,-0.03432936946995377
2612,0.224270182082707
2613,-0.011140524723959905
2614,-0.04053266464553054
2615,0.0004504363028962413
2616,0.05242525192945222
2617,0.06641384738918744
2618,0.11079049047446562
2619,0.1631706134224287
2620,0.05638815269939516
2621,0.10646152161929989
2622,-0.09874717014507355
2623,-0.0744042800174691
2624,-0.060015695951508005
2625,0.20653058519940082
2626,0.3520355877456969
2627,-0.04018092742324321
2628,0.017320261744311755
2629,1.2258770330489905
2630,0.013690123933630106
2631,0.0226577380529485
2632,0.2668024380178847
2633,0.016845953434448797
2634,0.13882468334609385
2635,0.013381681258099963
2636,-0.17080985174364952
2637,-0.04242784144080889
2638,-0.06481845068673356
2639,-0.08684896902353996
2640,0.1369349391404515
2641,0.13755054887579268
2642,0.7048724770789536
2643,-0.16514046588482018
2644,-0.04141834674782333
2645,-0.09506862680506908
2646,-0.20562660204350355
2647,0.025349178318261556
2648,0.26615850336994196
2649,0.04644153850366488
2650,0.0866986526335588
2651,0.027607098282916406
2652,0.030428307175451766
2653,-0.012412886250621305
2654,-0.052297055495347605
2655,0.19323368109510095
2656,-0.027430758948428655
2657,-0.13368484963149285
2658,0.022344457588833355
2659,-0.0589435084370991
2660,-0.028544105267998936
2661,-0.011015160638423352
2662,0.03673415862878043
2663,-0.15372266453921407
2664,-0.009302212218455331
2665,0.03625401869173732
2666,0.017397612009649635
2667,0.039768162387471495
2668,-0.012552001652742555
2669,0.07719536408778815
2670,-0.09937945528830675
2671,-0.028732810713735547
2672,0.007793811134718855
2673,-0.07041484784397378
2674,-0.08050314200747083
2675,-0.1280331351609215
2676,0.016104531471519433
2677,-0.03919725704726604
2678,-0.20724397385092275
2679,-0.20568503570711238
2680,-0.21415361616199996
2681,-0.09972293048534195
2682,-0.13561676098142642
2683,0.03131697710946137
2684,0.0464887719796022
2685,0.11598166320687496
2686,-0.10629217409508422
2687,0.05526377292029466
2688,0.2058015971979434
2689,-0.013059202885777527
2690,0.05601187055862651
2691,-0.022664133568438494
2692,-0.12053035068594903
2693,-0.04568465706119708
2694,-0.08311053022611169
2695,-0.040718611525449186
2696,0.031203664229464495
2697,-0.07605731224561803
2698,-0.08111787732958439
2699,0.0478254840749751
2700,0.20010898247866596
2701,0.003395921573224801
2702,0.04184967474924399
2703,1.4125585056019438
2704,0.1257141542174994
2705,0.06232786247991519
2706,0.14238983913558126
2707,-0.035887149920353814
2708,0.035606277725883664
2709,-0.05657558946894818
2710,0.19348268077724678
2711,0.26548323284910214
2712,-0.06285336630921534
2713,0.008533826465457696
2714,-0.028978062859207728
2715,-0.07180825956984883
2716,0.10813373533550905
2717,-0.12260927065823038
2718,-0.023163489659000207
2719,-0.08611119817337856
2720,0.04673881662149851
2721,0.08299552791952211
2722,0.05033493067262211
2723,0.14546221978975143
2724,0.016506227845085885
2725,0.07103035393926714
2726,0.06665957429803251
2727,0.8865703720713145
2728,0.41393796203083033
2729,0.04709143385610263
2730,0.04414246270810339
2731,-0.0604219969652647
2732,-0.012616727444280622
2733,0.11651780878962345
2734,-0.02326926109223772
2735,-0.0501312555324017
2736,0.024990257967922196
2737,0.07024002746478689
2738,0.11057791465587942
2739,-0.021854159384927477
2740,-0.022354450663631946
2741,0.03857389961231464
2742,0.011908093920853638
2743,0.062290991594324586
2744,-0.005227215383737656
2745,0.06452684350573253
2746,0.04172336389707243
2747,0.07929853435575274
2748,0.2357623663756241
2749,0.15611846547420957
2750,0.0905054661091618
2751,0.1273762895108245
2752,-0.10135822360872142
2753,-0.0061571367967085625
2754,-0.1567393648816587
2755,-0.12034625594007754
2756,-0.09618109314077661
2757,-0.04440911026982976
2758,-0.0016100740645524497
2759,-0.00060718341278794
2760,0.025264473385546087
2761,-0.08355563221680751
2762,0.08340281320109456
2763,0.12705652409423043
2764,0.16299493405012935
2765,0.32476380589514575
2766,0.11791422210756808
2767,-0.05901784207806865
2768,0.07061295898423713
2769,0.04366106653281659
2770,0.2726379980457997
2771,0.03948660373674979
2772,0.06710847958245299
2773,0.21652034838035483
2774,-0.14925748187740484
2775,0.020185086180048193
2776,-0.03597322843639507
2777,-0.01946542479566389
2778,-0.0018666304836904373
2779,-0.13603097901899716
2780,0.04278254186439631
2781,-0.18793235887345686
2782,0.08412629440794027
2783,-0.15696242031740038
2784,0.07361985481481295
2785,-0.18257730236669734
2786,-0.1816871192202374
2787,-0.036135568676314456
2788,-0.061366466304024814
2789,-0.0033481991866064174
2790,0.023866212917120655
2791,0.014249087069162662
2792,-0.003829357452606666
2793,-0.10210414327849883
2794,-0.08472135502172115
2795,-0.053086570476023685
2796,-0.08557477614737896
2797,-0.18384010140227572
2798,0.1621113144556089
2799,-0.11498605201214918
2800,-0.17312571709147642
2801,-0.015337272125299409
2802,-0.06839858715372438
2803,0.13821761233274862
2804,0.06669142875379032
2805,-0.06377574682539998
2806,0.13714435220711607
2807,0.3810499311357153
2808,0.058514574637343816
2809,-0.034888556667830584
2810,0.08427958115482906
2811,0.16496230709895301
2812,-0.14067021422843434
2813,1.2083124249583947
2814,0.40255601871067215
2815,-0.028175680272297464
2816,0.16483332775228168
2817,0.02512070711888381
2818,0.27790353505990273
2819,0.2970267913050894
2820,0.018955992278386707
2821,0.041899610933724324
2822,-0.18327724614675028
2823,0.05041533045154374
2824,0.049376747684101524
2825,0.22653547687391795
2826,0.0346370274380418
2827,-0.09207231358290416
2828,-0.08355026505024782
2829,0.36917241803037704
2830,-0.12954253872915183
2831,0.018409093845749798
2832,0.156207049095695
2833,0.1571930641269052
2834,-0.04625979692334163
2835,0.17731013524520006
2836,-0.01943986376661115
2837,-0.009797526197205222
2838,-0.003688885152607995
2839,0.05784544760241651
2840,-0.013534794076086827
2841,0.004550518210495499
2842,0.002427068110892399
2843,-0.11746792480966399
2844,-0.049364289758282595
2845,0.04943850630373564
2846,-0.010289005909536887
2847,-0.07178238722409919
2848,0.06824446484566676
2849,-0.0022627299824508514
2850,0.014555862484554614
2851,-0.11931343868258648
2852,-0.14896224516001577
2853,-0.001382823946136643
2854,-0.029209251836954504
2855,0.08200120867498124
2856,0.009194151849523454
2857,-0.03167052439112637
2858,-0.0024445286632730186
2859,-0.07019593954427404
2860,-0.0849002449810045
2861,0.08626522496317171
2862,-0.01578779924019353
2863,0.30305760887018884
2864,-0.100364002836247
2865,-0.005859462399094838
2866,-0.09460148655467203
2867,-0.07312919412443876
2868,-0.11592254884998097
2869,0.06288867995046188
2870,0.2023427878913706
2871,-0.10230955866762181
2872,-0.19324485108107917
2873,-0.0005083239379341659
2874,0.1193003496751597
2875,0.037565498805805266
2876,-0.05445124161411494
2877,0.3685747218504386
2878,-0.15603078093622882
2879,-0.09489969345584776
2880,-0.09252764063001709
2881,-0.1555310608091536
2882,0.07875393502879731
2883,0.016343128139006922
2884,-0.06524891018379433
2885,-0.007577834628592989
2886,-0.01962658240910456
2887,-0.06013266698615477
2888,-0.08925695796883104
2889,-0.06918627122491035
2890,-0.03496431777720971
2891,-0.12431442495337035
2892,-0.2186378456407276
2893,-0.06679422983819291
2894,-0.11565712207177666
2895,-0.03374061568955401
2896,-0.1172034782411012
2897,0.12270329527628396
2898,0.06620983684221717
2899,-0.013052044357264297
2900,-0.021712648642965484
2901,-0.08877852242810101
2902,0.1252301982948941
2903,-0.09712146368387854
2904,0.082794547409689
2905,0.08265397584743325
2906,-0.07384201856246342
2907,0.08015494010785601
2908,-0.027619020728851553
2909,-0.07448373427409442
2910,-0.09506586589446803
2911,0.044087157498910776
2912,0.1820396928953285
2913,-0.04859242936394839
2914,-0.11906652968514449
2915,-0.04446890331079762
2916,-0.04067753370833985
2917,0.13196413737562004
2918,0.11349949976802348
2919,0.05083237155165364
